{
	"$schema": "http://schema.management.azure.com/schemas/2015-01-01/deploymentTemplate.json#",
	"contentVersion": "1.0.0.0",
	"parameters": {
		"factoryName": {
			"type": "string",
			"metadata": "Data Factory name"
		},
		"BlobStorageGen2": {
			"type": "string"
		},
		"Profisee REST API": {
			"type": "string"
		}
	},
	"variables": {
		"factoryId": "[concat('Microsoft.DataFactory/factories/', parameters('factoryName'))]"
	},
	"resources": [
		{
			"name": "[concat(parameters('factoryName'), '/Copy from JSON to Profisee REST API')]",
			"type": "Microsoft.DataFactory/factories/pipelines",
			"apiVersion": "2018-06-01",
			"properties": {
				"activities": [
					{
						"name": "Copy from JSON to Profisee REST API",
						"description": "Copy records from ADLS Gen2 in JSON format to Profisee via the Profisee REST API.",
						"type": "Copy",
						"dependsOn": [],
						"policy": {
							"timeout": "7.00:00:00",
							"retry": 0,
							"retryIntervalInSeconds": 30,
							"secureOutput": false,
							"secureInput": false
						},
						"userProperties": [],
						"typeProperties": {
							"source": {
								"type": "JsonSource",
								"storeSettings": {
									"type": "AzureBlobFSReadSettings",
									"recursive": true
								},
								"formatSettings": {
									"type": "JsonReadSettings"
								}
							},
							"sink": {
								"type": "RestSink",
								"httpRequestTimeout": "00:01:40",
								"requestInterval": 10,
								"requestMethod": "PATCH",
								"writeBatchSize": 10000,
								"additionalHeaders": {
									"x-api-key": ""
								},
								"httpCompressionType": "none"
							},
							"enableStaging": false
						},
						"inputs": [
							{
								"referenceName": "AdlsGen2BlobJson",
								"type": "DatasetReference",
								"parameters": {
									"FolderName": {
										"value": "@pipeline().parameters.FileFolder",
										"type": "Expression"
									},
									"FileName": {
										"value": "@pipeline().parameters.FileName",
										"type": "Expression"
									}
								}
							}
						],
						"outputs": [
							{
								"referenceName": "ProfiseeRESTAPI_Records_Upsert",
								"type": "DatasetReference",
								"parameters": {
									"entityId": {
										"value": "@replace(pipeline().parameters.FileFolder, 'profisee-input/', '')",
										"type": "Expression"
									}
								}
							}
						]
					}
				],
				"parameters": {
					"FileName": {
						"type": "string"
					},
					"FileFolder": {
						"type": "string"
					}
				},
				"folder": {
					"name": "JSON Format"
				},
				"annotations": [],
				"lastPublishTime": "2020-09-25T15:29:08Z"
			},
			"dependsOn": [
				"[concat(variables('factoryId'), '/datasets/AdlsGen2BlobJson')]",
				"[concat(variables('factoryId'), '/datasets/ProfiseeRESTAPI_Records_Upsert')]"
			]
		},
		{
			"name": "[concat(parameters('factoryName'), '/AdlsGen2BlobJson')]",
			"type": "Microsoft.DataFactory/factories/datasets",
			"apiVersion": "2018-06-01",
			"properties": {
				"description": "Azure Data Lake Storage Gen2 container for JSON format.",
				"linkedServiceName": {
					"referenceName": "[parameters('BlobStorageGen2')]",
					"type": "LinkedServiceReference"
				},
				"parameters": {
					"FolderName": {
						"type": "string"
					},
					"FileName": {
						"type": "string"
					}
				},
				"folder": {
					"name": "JSON Format"
				},
				"annotations": [],
				"type": "Json",
				"typeProperties": {
					"location": {
						"type": "AzureBlobFSLocation",
						"fileName": {
							"value": "@dataset().FileName",
							"type": "Expression"
						},
						"fileSystem": {
							"value": "@dataset().FolderName",
							"type": "Expression"
						}
					}
				},
				"schema": {}
			},
			"dependsOn": []
		},
		{
			"name": "[concat(parameters('factoryName'), '/ProfiseeRESTAPI_Records_Upsert')]",
			"type": "Microsoft.DataFactory/factories/datasets",
			"apiVersion": "2018-06-01",
			"properties": {
				"description": "Profisee members update REST API call.",
				"linkedServiceName": {
					"referenceName": "[parameters('Profisee REST API')]",
					"type": "LinkedServiceReference"
				},
				"parameters": {
					"entityId": {
						"type": "string"
					}
				},
				"folder": {
					"name": "Profisee REST API"
				},
				"annotations": [],
				"type": "RestResource",
				"typeProperties": {
					"relativeUrl": {
						"value": "@concat(\n'records/',\ndataset().entityId, \n'/?isUpsert=true'\n)\n",
						"type": "Expression"
					}
				},
				"schema": []
			},
			"dependsOn": []
		}
	]
}