{
	"$schema": "http://schema.management.azure.com/schemas/2015-01-01/deploymentTemplate.json#",
	"contentVersion": "1.0.0.0",
	"parameters": {
		"factoryName": {
			"type": "string",
			"metadata": "Data Factory name"
		},
		"Profisee REST API": {
			"type": "string"
		},
		"BlobStorageGen2": {
			"type": "string"
		}
	},
	"variables": {
		"factoryId": "[concat('Microsoft.DataFactory/factories/', parameters('factoryName'))]"
	},
	"resources": [
		{
			"name": "[concat(parameters('factoryName'), '/Copy from Profisee REST API to CSV_copy1')]",
			"type": "Microsoft.DataFactory/factories/pipelines",
			"apiVersion": "2018-06-01",
			"properties": {
				"activities": [
					{
						"name": "Copy from Profisee REST API to CSV",
						"description": "Copy records from Profisee via the Profisee REST API to ADLS Gen2 in CSV format.",
						"type": "Copy",
						"dependsOn": [],
						"policy": {
							"timeout": "7.00:00:00",
							"retry": 0,
							"retryIntervalInSeconds": 30,
							"secureOutput": false,
							"secureInput": false
						},
						"userProperties": [],
						"typeProperties": {
							"source": {
								"type": "RestSource",
								"httpRequestTimeout": "00:01:40",
								"requestInterval": "00.00:00:00.010",
								"requestMethod": "GET",
								"additionalHeaders": {
									"x-api-key": ""
								},
								"paginationRules": {
									"AbsoluteUrl": "$.nextPage"
								}
							},
							"sink": {
								"type": "DelimitedTextSink",
								"storeSettings": {
									"type": "AzureBlobFSWriteSettings"
								},
								"formatSettings": {
									"type": "DelimitedTextWriteSettings",
									"quoteAllText": true,
									"fileExtension": ".csv"
								}
							},
							"enableStaging": false,
							"translator": {
								"type": "TabularTranslator",
								"mapComplexValuesToString": false
							}
						},
						"inputs": [
							{
								"referenceName": "ProfiseeRESTAPI_Members_Get",
								"type": "DatasetReference",
								"parameters": {
									"entityId": {
										"value": "@variables('EntityName')",
										"type": "Expression"
									},
									"pageSize": 100,
									"attributes": " ",
									"filter": " ",
									"orderBy": " ",
									"dbaFormat": 1,
									"codes": " "
								}
							}
						],
						"outputs": [
							{
								"referenceName": "OutputBlobCsv",
								"type": "DatasetReference",
								"parameters": {
									"FolderName": {
										"value": "@concat(variables('OutputContainer'), '/', variables('EntityName'))",
										"type": "Expression"
									},
									"FileName": {
										"value": "@concat(variables('EntityName'), '_', string(utcnow()), '.csv')",
										"type": "Expression"
									}
								}
							}
						]
					}
				],
				"variables": {
					"OutputContainer": {
						"type": "String",
						"defaultValue": "profisee-output"
					},
					"EntityName": {
						"type": "String"
					}
				},
				"annotations": [],
				"lastPublishTime": "2020-09-25T15:29:08Z"
			},
			"dependsOn": [
				"[concat(variables('factoryId'), '/datasets/ProfiseeRESTAPI_Members_Get')]",
				"[concat(variables('factoryId'), '/datasets/OutputBlobCsv')]"
			]
		},
		{
			"name": "[concat(parameters('factoryName'), '/ProfiseeRESTAPI_Members_Get')]",
			"type": "Microsoft.DataFactory/factories/datasets",
			"apiVersion": "2018-06-01",
			"properties": {
				"description": "Profisee members get REST API call.",
				"linkedServiceName": {
					"referenceName": "[parameters('Profisee REST API')]",
					"type": "LinkedServiceReference"
				},
				"parameters": {
					"entityId": {
						"type": "string"
					},
					"pageSize": {
						"type": "int",
						"defaultValue": 1000
					},
					"attributes": {
						"type": "string",
						"defaultValue": " "
					},
					"filter": {
						"type": "string",
						"defaultValue": " "
					},
					"orderBy": {
						"type": "string",
						"defaultValue": " "
					},
					"dbaFormat": {
						"type": "int",
						"defaultValue": 1
					},
					"codes": {
						"type": "string",
						"defaultValue": " "
					}
				},
				"annotations": [],
				"type": "RestResource",
				"typeProperties": {
					"relativeUrl": {
						"value": "@concat('members/',\ndataset().entityId, \n'/?pageSize=', string(dataset().pageSize),\n'&attributes=', dataset().attributes,\n'&filter=', dataset().filter,\n'&orderBy=', dataset().orderBy,\n'&codes=', dataset().codes,\n'&dbaFormat=', string(dataset().dbaFormat)\n)",
						"type": "Expression"
					}
				},
				"schema": []
			},
			"dependsOn": []
		},
		{
			"name": "[concat(parameters('factoryName'), '/OutputBlobCsv')]",
			"type": "Microsoft.DataFactory/factories/datasets",
			"apiVersion": "2018-06-01",
			"properties": {
				"description": "Azure Data Lake Storage Gen2 container for CSV format.",
				"linkedServiceName": {
					"referenceName": "[parameters('BlobStorageGen2')]",
					"type": "LinkedServiceReference"
				},
				"parameters": {
					"FolderName": {
						"type": "string"
					},
					"FileName": {
						"type": "string"
					}
				},
				"annotations": [],
				"type": "DelimitedText",
				"typeProperties": {
					"location": {
						"type": "AzureBlobFSLocation",
						"fileName": {
							"value": "@dataset().FileName",
							"type": "Expression"
						},
						"fileSystem": {
							"value": "@dataset().FolderName",
							"type": "Expression"
						}
					},
					"columnDelimiter": ",",
					"escapeChar": "\\",
					"firstRowAsHeader": true,
					"quoteChar": "\""
				},
				"schema": []
			},
			"dependsOn": []
		}
	]
}